Start Time,End Time,Inference Duration (min),Model,Tokenizer,Fine-Tuned,Test Size,Prompt Template,Comments,BLEU,ROUGE-2,ROUGE-L
2025-04-17 23:28:31,2025-04-18 00:06:13,37.7,meta-llama/Llama-3.2-3B-Instruct,meta-llama/Llama-3.2-3B-Instruct,No,1097,"You are an expert at writing concise and informative research paper titles based on abstracts.

Given the abstract below, generate only a clear, accurate, and concise title that best reflects the core idea of the abstract. I only need the title from you with no more than 45 words.

Abstract: {abstract}

Title: {title}",Baseline Model,0.0859,0.2321,0.3804
2025-04-18 00:32:57,2025-04-18 00:33:04,0.11,meta-llama/Llama-3.2-3B-Instruct,meta-llama/Llama-3.2-3B-Instruct,Yes,2,"You are an expert at writing concise and informative research paper titles based on abstracts.

Given the abstract below, generate only a clear, accurate, and concise title that best reflects the core idea of the abstract. I only need the title from you with no more than 45 words.

Abstract: {abstract}

Title: {title}",Fine-tuned Model,0.0,0.3845,0.6009
2025-04-18 04:43:31,2025-04-18 05:33:45,50.24,meta-llama/Llama-3.2-3B-Instruct,meta-llama/Llama-3.2-3B-Instruct,Yes,1097,"You are an expert at writing concise and informative research paper titles based on abstracts.

Given the abstract below, generate only a clear, accurate, and concise title that best reflects the core idea of the abstract. I only need the title from you with no more than 45 words.

Abstract: {abstract}

Title: {title}",Fine-tuned Model,0.1322,0.2575,0.4135
